Split,Population,Epoch,N,MAE,MSE,RMSE,MRE,r,R2
train,All,21,7324,0.26591881792504296,0.13819982891602944,0.37175237580414927,0.06585205646843248,0.9664971200577542,0.9338272629157596
train,able-bodied,21,4710,0.30702175379321106,0.17987820846626712,0.4241205117254613,0.0716225164967624,0.9651335247649175,0.9314138694906433
train,prosthetic,21,2614,0.19185805742807585,0.06310221312352005,0.2512015388557961,0.05545463231639194,0.9333067499824745,0.8638056801127281
val,All,21,912,0.3204586878736791,0.19801568294541796,0.4449895312762065,0.0750428764175784,0.9513308612005051,0.9040236416012737
val,able-bodied,21,582,0.3738936743217894,0.261007564979616,0.5108889947724613,0.0813315489734109,0.9490623247040814,0.8992786218886701
val,prosthetic,21,330,0.22621880268337552,0.08692090917601418,0.29482352208739077,0.06395194481911019,0.899888033339237,0.8087366653537806
test,All,21,877,0.34885272609580276,0.22274322892976994,0.4719568083307729,0.0854120729677135,0.9469231273597474,0.8942701289781595
test,able-bodied,21,582,0.3941852140412141,0.28133860719366605,0.5304136189745376,0.09121213567868142,0.9467650358471804,0.8936181764328073
test,prosthetic,21,295,0.25941710581027944,0.10714149960913436,0.32732476168040564,0.07396923738200731,0.8661552631185955,0.7473022301454402
